drug,method,n,very_major_error,major_error,balanced_acc
ampicillin,rules (expert map),5188,0.0677361853832442,0.0663029794376836,0.9329804175895361
ampicillin,logistic regression,5188,0.10909090909090909,0.024758707511540076,0.9330751916987754
ampicillin,LightGBM,5188,0.11158645276292335,0.03776751993285774,0.9253230136521094
ampicillin,"LightGBM, random split (inflated)",5188,0.0877005347593583,0.031053294167016365,0.9406230855368126
cefotaxime,rules (expert map),4999,0.10893854748603352,0.01914545879056736,0.9359579968616996
cefotaxime,logistic regression,4999,0.08519553072625698,0.030352556619192155,0.9422259563272755
cefotaxime,LightGBM,4999,0.16061452513966482,0.0436609852906841,0.8978622447848256
cefotaxime,"LightGBM, random split (inflated)",4999,0.13547486033519554,0.0352556619192155,0.9146347388727945
ciprofloxacin,rules (expert map),5721,0.018268467037331215,0.17346481398476019,0.9041333594889543
ciprofloxacin,logistic regression,5721,0.04289118347895155,0.012102196324518153,0.9725033100982652
ciprofloxacin,LightGBM,5721,0.05321683876092136,0.01165396683101748,0.9675645972040305
ciprofloxacin,"LightGBM, random split (inflated)",5721,0.050833995234312944,0.014791573285522188,0.9671872157400825
gentamicin,rules (expert map),5726,0.06797583081570997,0.007701421800947867,0.9621613736916711
gentamicin,logistic regression,5726,0.07099697885196375,0.014020537124802527,0.9574912420116168
gentamicin,LightGBM,5726,0.08761329305135952,0.013033175355450236,0.9496767657965951
gentamicin,"LightGBM, random split (inflated)",5726,0.08761329305135952,0.012045813586097947,0.9501704466812713
trimethoprim/sulfamethoxazole,rules (expert map),4052,0.032703488372093026,0.18497757847533633,0.8911594665762853
trimethoprim/sulfamethoxazole,logistic regression,4052,0.055232558139534885,0.04446935724962631,0.9501490423054194
trimethoprim/sulfamethoxazole,LightGBM,4052,0.06976744186046512,0.04745889387144993,0.9413868321340425
trimethoprim/sulfamethoxazole,"LightGBM, random split (inflated)",4052,0.06395348837209303,0.040732436472346784,0.9476570375777801
