drug,alpha,uncertain,very_major_error,major_error,accuracy_when_sure
ampicillin,0.01,0.6728989976869699,0.004634581105169341,0.009651699538396978,0.9787860931054803
ampicillin,0.02,0.30242868157286046,0.024242424242424242,0.019303399076793955,0.9684995855208621
ampicillin,0.05,0.07902852737085582,0.0481283422459893,0.04406210658833403,0.9497697781498535
ampicillin,0.1,0.04394757131842714,0.06310160427807486,0.028955098615190935,0.9504032258064516
cefotaxime,0.01,0.7903580716143228,0.00558659217877095,0.009339248190520663,0.9580152671755725
cefotaxime,0.02,0.6025205041008201,0.015363128491620111,0.01844501517627831,0.9547055863110216
cefotaxime,0.05,0.16383276655331067,0.05307262569832402,0.042260098062106004,0.9476076555023923
cefotaxime,0.1,0.03700740148029606,0.06843575418994413,0.050898902638337615,0.944536767760698
ciprofloxacin,0.01,0.48155916797762627,0.005559968228752979,0.008516360376512775,0.9848280512474713
ciprofloxacin,0.02,0.11658800908932004,0.023034154090548053,0.014343343792021516,0.981598733676296
ciprofloxacin,0.05,0.0295402901590631,0.030976965845909452,0.016808606006275213,0.9794668587896254
ciprofloxacin,0.1,0.08302744275476315,0.021445591739475776,0.00470640968175706,0.9908501715592832
gentamicin,0.01,0.7560251484456864,0.010574018126888218,0.009478672985781991,0.9606299212598425
gentamicin,0.02,0.5661893119105833,0.01661631419939577,0.018167456556082148,0.9585346215780999
gentamicin,0.05,0.11753405518686692,0.04682779456193353,0.03672985781990521,0.9570552147239264
gentamicin,0.1,0.07404820118756548,0.055891238670694864,0.011453396524486572,0.9820822331195775
trimethoprim/sulfamethoxazole,0.01,0.722852912142152,0.007267441860465116,0.008968609865470852,0.9697239536954586
trimethoprim/sulfamethoxazole,0.02,0.3060217176702863,0.021075581395348836,0.022795216741405083,0.9679943100995733
trimethoprim/sulfamethoxazole,0.05,0.018756169792694965,0.04869186046511628,0.05044843049327354,0.9491951710261569
trimethoprim/sulfamethoxazole,0.1,0.04565646594274432,0.04505813953488372,0.032137518684603884,0.9617274372898889
