genome_id,antibiotic,resistant_phenotype,zone
562.100604,trimethoprim/sulfamethoxazole,Susceptible,6
562.100605,trimethoprim/sulfamethoxazole,Resistant,26
562.99733,trimethoprim/sulfamethoxazole,Susceptible,6
562.100293,ampicillin,Susceptible,6
562.100305,ciprofloxacin,Resistant,30
562.99725,ciprofloxacin,Susceptible,6
562.100605,cefotaxime,Susceptible,6
562.100610,ampicillin,Susceptible,6
562.99238,cefotaxime,Susceptible,6
562.100281,ciprofloxacin,Susceptible,6
562.100305,trimethoprim/sulfamethoxazole,Resistant,28
562.99995,trimethoprim/sulfamethoxazole,Susceptible,6
562.99025,trimethoprim/sulfamethoxazole,Resistant,30
562.99983,ampicillin,Susceptible,6
562.99733,ampicillin,Susceptible,6
562.100304,trimethoprim/sulfamethoxazole,Susceptible,6
562.99977,trimethoprim/sulfamethoxazole,Susceptible,6
562.99985,ciprofloxacin,Resistant,32
562.99739,ampicillin,Susceptible,6
562.100604,ampicillin,Susceptible,6
562.99729,ciprofloxacin,Susceptible,6
562.99972,ampicillin,Susceptible,6
562.99729,cefotaxime,Resistant,26
562.99739,ciprofloxacin,Susceptible,6
562.99999,trimethoprim/sulfamethoxazole,Resistant,29
562.99494,trimethoprim/sulfamethoxazole,Susceptible,6
562.99736,ampicillin,Susceptible,6
562.99996,trimethoprim/sulfamethoxazole,Susceptible,6
562.100296,ciprofloxacin,Susceptible,6
562.99991,trimethoprim/sulfamethoxazole,Susceptible,6
562.99238,trimethoprim/sulfamethoxazole,Susceptible,6
562.99988,ampicillin,Susceptible,6
562.99998,ciprofloxacin,Resistant,30
562.100605,ciprofloxacin,Susceptible,6
562.100287,ampicillin,Susceptible,6
562.100293,trimethoprim/sulfamethoxazole,Susceptible,6
562.99730,trimethoprim/sulfamethoxazole,Resistant,30
562.100287,cefotaxime,Susceptible,6
562.99981,trimethoprim/sulfamethoxazole,Susceptible,6
562.100297,trimethoprim/sulfamethoxazole,Susceptible,6
562.100607,ampicillin,Susceptible,6
562.100291,ciprofloxacin,Resistant,33
562.100296,ampicillin,Susceptible,6
562.100301,ampicillin,Susceptible,6
562.99731,trimethoprim/sulfamethoxazole,Susceptible,6
562.100296,trimethoprim/sulfamethoxazole,Susceptible,6
562.99989,ampicillin,Susceptible,6
562.99995,ampicillin,Susceptible,6
562.99993,trimethoprim/sulfamethoxazole,Resistant,28
562.100000,cefotaxime,Susceptible,6
562.100286,trimethoprim/sulfamethoxazole,Susceptible,6
562.99969,trimethoprim/sulfamethoxazole,Susceptible,6
562.100295,trimethoprim/sulfamethoxazole,Resistant,28
562.99241,trimethoprim/sulfamethoxazole,Susceptible,6
562.99984,trimethoprim/sulfamethoxazole,Susceptible,6
562.99729,trimethoprim/sulfamethoxazole,Resistant,26
562.100004,trimethoprim/sulfamethoxazole,Susceptible,6
562.99984,ampicillin,Susceptible,6
562.100281,trimethoprim/sulfamethoxazole,Susceptible,6
562.99980,trimethoprim/sulfamethoxazole,Resistant,32
562.99974,trimethoprim/sulfamethoxazole,Resistant,28
562.100002,trimethoprim/sulfamethoxazole,Resistant,30
562.100288,trimethoprim/sulfamethoxazole,Susceptible,6
562.99969,ampicillin,Susceptible,6
562.99991,ampicillin,Susceptible,6
562.100303,trimethoprim/sulfamethoxazole,Resistant,26
562.99976,trimethoprim/sulfamethoxazole,Susceptible,6
562.99983,trimethoprim/sulfamethoxazole,Susceptible,6
562.100283,ciprofloxacin,Susceptible,6
562.100608,trimethoprim/sulfamethoxazole,Resistant,27
562.100003,ampicillin,Susceptible,6
562.99238,ampicillin,Susceptible,6
562.100301,trimethoprim/sulfamethoxazole,Susceptible,6
562.100301,ciprofloxacin,Susceptible,6
562.99246,ampicillin,Susceptible,6
562.99978,ciprofloxacin,Resistant,34
562.100609,ampicillin,Susceptible,6
562.100293,ciprofloxacin,Susceptible,6
562.100283,cefotaxime,Susceptible,6
562.100292,trimethoprim/sulfamethoxazole,Susceptible,6
562.99992,trimethoprim/sulfamethoxazole,Susceptible,6
562.100292,ampicillin,Susceptible,6
562.100304,ampicillin,Susceptible,6
562.100297,ampicillin,Susceptible,6
562.99970,cefotaxime,Resistant,27
562.99985,cefotaxime,Resistant,29
562.100004,ampicillin,Susceptible,6
562.99735,trimethoprim/sulfamethoxazole,Resistant,27
562.100283,trimethoprim/sulfamethoxazole,Susceptible,6
562.100307,ampicillin,Susceptible,6
562.100284,trimethoprim/sulfamethoxazole,Resistant,26
562.100305,cefotaxime,Resistant,29
562.99733,ciprofloxacin,Susceptible,6
