drug,marker,weight,direction
ampicillin,blaTEM-1,5.1,towards resistant
ampicillin,blaSHV-1,4.36,towards resistant
ampicillin,blaOXA-48,4.1,towards resistant
ampicillin,blaCMY-2,3.88,towards resistant
ampicillin,ampC_T-32A,3.35,towards resistant
ampicillin,blaCTX-M-15,3.22,towards resistant
ampicillin,ampC_C-42T,2.87,towards resistant
ampicillin,blaCTX-M-14,2.78,towards resistant
ampicillin,soxR_G121D,-0.96,towards susceptible
ampicillin,nfsA_Q72Ter,-0.87,towards susceptible
ampicillin,lnu(F),-0.85,towards susceptible
ampicillin,dfrA7,-0.84,towards susceptible
cefotaxime,blaCTX-M-15,5.45,towards resistant
cefotaxime,blaCTX-M-14,5.38,towards resistant
cefotaxime,blaCMY-2,4.91,towards resistant
cefotaxime,blaCTX-M-1,4.77,towards resistant
cefotaxime,blaCTX-M-27,4.35,towards resistant
cefotaxime,blaCTX-M-55,4.33,towards resistant
cefotaxime,blaKPC-2,4.25,towards resistant
cefotaxime,blaOXA-48,3.84,towards resistant
cefotaxime,blaSHV-1,-1.5,towards susceptible
cefotaxime,dfrA36,-0.96,towards susceptible
cefotaxime,dfrA19,-0.91,towards susceptible
cefotaxime,cirA_V239RfsTer47,-0.91,towards susceptible
ciprofloxacin,parC_S80I,3.53,towards resistant
ciprofloxacin,gyrA_S83L,3.11,towards resistant
ciprofloxacin,gyrA_D87N,2.24,towards resistant
ciprofloxacin,parC_S80R,2.06,towards resistant
ciprofloxacin,qnrS1,2.02,towards resistant
ciprofloxacin,blaCTX-M-55,1.79,towards resistant
ciprofloxacin,cirA_W243Ter,1.73,towards resistant
ciprofloxacin,gyrA_D87Y,1.72,towards resistant
ciprofloxacin,tet(D),-1.56,towards susceptible
ciprofloxacin,blaTEM-176,-1.02,towards susceptible
ciprofloxacin,pmrB_V161G,-0.88,towards susceptible
ciprofloxacin,cirA_V239RfsTer47,-0.77,towards susceptible
gentamicin,aac(3)-IId,6.75,towards resistant
gentamicin,aac(3)-IIe,6.6,towards resistant
gentamicin,aac(3)-VIa,4.44,towards resistant
gentamicin,ant(2'')-Ia,3.96,towards resistant
gentamicin,aph(4)-Ia,2.35,towards resistant
gentamicin,aac(3)-IVa,2.35,towards resistant
gentamicin,cirA_W243Ter,1.88,towards resistant
gentamicin,catA2,1.68,towards resistant
gentamicin,acrF,-1.69,towards susceptible
gentamicin,dfrA7,-1.44,towards susceptible
gentamicin,parC_A56T,-1.32,towards susceptible
gentamicin,cirA_Q56Ter,-1.16,towards susceptible
trimethoprim/sulfamethoxazole,dfrA14,4.52,towards resistant
trimethoprim/sulfamethoxazole,dfrA5,3.99,towards resistant
trimethoprim/sulfamethoxazole,dfrA8,3.97,towards resistant
trimethoprim/sulfamethoxazole,dfrA17,3.54,towards resistant
trimethoprim/sulfamethoxazole,dfrA1,3.44,towards resistant
trimethoprim/sulfamethoxazole,dfrA12,2.6,towards resistant
trimethoprim/sulfamethoxazole,dfrA7,2.33,towards resistant
trimethoprim/sulfamethoxazole,dfrA15,1.94,towards resistant
trimethoprim/sulfamethoxazole,aadA25,-1.37,towards susceptible
trimethoprim/sulfamethoxazole,erm(B),-1.28,towards susceptible
trimethoprim/sulfamethoxazole,aac(3)-VIa,-1.2,towards susceptible
trimethoprim/sulfamethoxazole,blaCMY-2,-1.14,towards susceptible
