marker,Element name,Subtype,Class,Subclass,n_genomes,draft_drugs,friend_correct?,friend_notes
acrF,multidrug efflux RND transporter permease subunit AcrF,AMR,EFFLUX,EFFLUX,5950,,,
blaEC,BlaEC family class C beta-lactamase,AMR,BETA-LACTAM,BETA-LACTAM,4965,ampicillin,,
emrD,multidrug efflux MFS transporter EmrD,AMR,EFFLUX,EFFLUX,4557,,,
mdtM,multidrug efflux MFS transporter MdtM,AMR,EFFLUX,EFFLUX,3685,,,
blaTEM-1,broad-spectrum class A beta-lactamase TEM-1,AMR,BETA-LACTAM,BETA-LACTAM,2193,ampicillin,,
aph(3'')-Ib,aminoglycoside O-phosphotransferase APH(3'')-Ib,AMR,AMINOGLYCOSIDE,STREPTOMYCIN,1771,,,
sul2,sulfonamide-resistant dihydropteroate synthase Sul2,AMR,SULFONAMIDE,SULFONAMIDE,1766,trimethoprim/sulfamethoxazole,,
aph(6)-Id,aminoglycoside O-phosphotransferase APH(6)-Id,AMR,AMINOGLYCOSIDE,STREPTOMYCIN,1758,,,
gyrA_S83L,Escherichia quinolone resistant GyrA,POINT,QUINOLONE,QUINOLONE,1637,ciprofloxacin,,
sul1,sulfonamide-resistant dihydropteroate synthase Sul1,AMR,SULFONAMIDE,SULFONAMIDE,1597,trimethoprim/sulfamethoxazole,,
uhpT_E350Q,Escherichia fosfomycin resistant UhpT,POINT,FOSFOMYCIN,FOSFOMYCIN,1591,,,
parC_S80I,Escherichia quinolone resistant ParC,POINT,QUINOLONE,QUINOLONE,1247,ciprofloxacin,,
tet(A),tetracycline efflux MFS transporter Tet(A),AMR,TETRACYCLINE,TETRACYCLINE,1231,,,
gyrA_D87N,Escherichia quinolone resistant GyrA,POINT,QUINOLONE,QUINOLONE,1214,ciprofloxacin,,
marR_S3N,Escherichia ampicillin/chloramphenicol/quinolone/rifampin/tetracycline resistant MarR,POINT,MULTIDRUG,AMPICILLIN/CHLORAMPHENICOL/QUINOLONE/RIFAMPIN/TETRACYCLINE,1124,ampicillin; ciprofloxacin,,
cyaA_S352T,Escherichia fosmidomycin resistant CyaA,POINT,FOSMIDOMYCIN,FOSMIDOMYCIN,1084,,,
blaEC-5,cephalosporin-hydrolyzing class C beta-lactamase EC-5,AMR,BETA-LACTAM,CEPHALOSPORIN,1015,ampicillin; cefotaxime,,
mph(A),Mph(A) family macrolide 2'-phosphotransferase,AMR,MACROLIDE,AZITHROMYCIN/ERYTHROMYCIN/SPIRAMYCIN/TELITHROMYCIN,1009,,,
mrx(A),phosphorylated macrolide efflux MFS transporter Mrx(A),AMR,MACROLIDE,AZITHROMYCIN/ERYTHROMYCIN/SPIRAMYCIN/TELITHROMYCIN,1009,,,
dfrA17,trimethoprim-resistant dihydrofolate reductase DfrA17,AMR,TRIMETHOPRIM,TRIMETHOPRIM,928,trimethoprim/sulfamethoxazole,,
aadA5,ANT(3'')-Ia family aminoglycoside nucleotidyltransferase AadA5,AMR,AMINOGLYCOSIDE,STREPTOMYCIN,903,,,
tet(B),tetracycline efflux MFS transporter Tet(B),AMR,TETRACYCLINE,TETRACYCLINE,847,,,
aadA1,ANT(3'')-Ia family aminoglycoside nucleotidyltransferase AadA1,AMR,AMINOGLYCOSIDE,STREPTOMYCIN,787,,,
ptsI_V25I,Escherichia fosfomycin resistant PtsI,POINT,FOSFOMYCIN,FOSFOMYCIN,768,,,
parE_I529L,Escherichia quinolone resistant ParE,POINT,QUINOLONE,QUINOLONE,726,ciprofloxacin,,
blaCTX-M-15,extended-spectrum class A beta-lactamase CTX-M-15,AMR,BETA-LACTAM,CEPHALOSPORIN,528,ampicillin; cefotaxime,,
parC_E84V,Escherichia quinolone resistant ParC,POINT,QUINOLONE,QUINOLONE,514,ciprofloxacin,,
dfrA1,trimethoprim-resistant dihydrofolate reductase DfrA1,AMR,TRIMETHOPRIM,TRIMETHOPRIM,445,trimethoprim/sulfamethoxazole,,
blaOXA-1,oxacillin-hydrolyzing class D beta-lactamase OXA-1,AMR,BETA-LACTAM,CEPHALOSPORIN,415,ampicillin; cefotaxime,,
catA1,type A-1 chloramphenicol O-acetyltransferase,AMR,PHENICOL,CHLORAMPHENICOL,398,,,
catB3,type B-3 chloramphenicol O-acetyltransferase CatB3,AMR,PHENICOL,CHLORAMPHENICOL,378,,,
aac(6')-Ib-cr5,fluoroquinolone-acetylating aminoglycoside 6'-N-acetyltransferase AAC(6')-Ib-cr5,AMR,AMINOGLYCOSIDE/QUINOLONE,AMIKACIN/KANAMYCIN/QUINOLONE/TOBRAMYCIN,373,ciprofloxacin,,
aac(3)-IId,aminoglycoside N-acetyltransferase AAC(3)-IId,AMR,AMINOGLYCOSIDE,GENTAMICIN,336,gentamicin,,
parE_S458A,Escherichia quinolone resistant ParE,POINT,QUINOLONE,QUINOLONE,329,ciprofloxacin,,
aadA2,ANT(3'')-Ia family aminoglycoside nucleotidyltransferase AadA2,AMR,AMINOGLYCOSIDE,STREPTOMYCIN,315,,,
dfrA14,trimethoprim-resistant dihydrofolate reductase DfrA14,AMR,TRIMETHOPRIM,TRIMETHOPRIM,273,trimethoprim/sulfamethoxazole,,
dfrA12,trimethoprim-resistant dihydrofolate reductase DfrA12,AMR,TRIMETHOPRIM,TRIMETHOPRIM,243,trimethoprim/sulfamethoxazole,,
sat2,streptothricin N-acetyltransferase Sat2,AMR,STREPTOTHRICIN,STREPTOTHRICIN,242,,,
aac(3)-IIe,aminoglycoside N-acetyltransferase AAC(3)-IIe,AMR,AMINOGLYCOSIDE,GENTAMICIN,240,gentamicin,,
aph(3')-Ia,aminoglycoside O-phosphotransferase APH(3')-Ia,AMR,AMINOGLYCOSIDE,KANAMYCIN,238,,,
floR,chloramphenicol/florfenicol efflux MFS transporter FloR,AMR,PHENICOL,CHLORAMPHENICOL/FLORFENICOL,228,,,
pmrB_V161G,Escherichia colistin resistant PmrB,POINT,COLISTIN,COLISTIN,203,,,
dfrA5,trimethoprim-resistant dihydrofolate reductase DfrA5,AMR,TRIMETHOPRIM,TRIMETHOPRIM,194,trimethoprim/sulfamethoxazole,,
qnrS1,quinolone resistance pentapeptide repeat protein QnrS1,AMR,QUINOLONE,QUINOLONE,153,ciprofloxacin,,
sul3,sulfonamide-resistant dihydropteroate synthase Sul3,AMR,SULFONAMIDE,SULFONAMIDE,149,trimethoprim/sulfamethoxazole,,
blaTEMp_C32T,Escherichia amoxicillin-clavulanic acid/piperacillin-tazobactam/ticarcillin-clavulanic acid resistant blaTEM promoter,POINT,BETA-LACTAM,AMOXICILLIN-CLAVULANIC_ACID/PIPERACILLIN-TAZOBACTAM/TICARCILLIN-CLAVULANIC_ACID,136,ampicillin,,
parE_I355T,Escherichia quinolone resistant ParE,POINT,QUINOLONE,QUINOLONE,127,ciprofloxacin,,
ble,bleomycin binding protein Ble-MBL,AMR,BLEOMYCIN,BLEOMYCIN,125,,,
blaCMY-2,extended-spectrum class C beta-lactamase CMY-2,AMR,BETA-LACTAM,CEPHALOSPORIN,122,ampicillin; cefotaxime,,
parC_S57T,Escherichia quinolone resistant ParC,POINT,QUINOLONE,QUINOLONE,120,ciprofloxacin,,
cmlA1,chloramphenicol efflux MFS transporter CmlA1,AMR,PHENICOL,CHLORAMPHENICOL,107,,,
parE_L416F,Escherichia quinolone resistant ParE,POINT,QUINOLONE,QUINOLONE,105,ciprofloxacin,,
dfrA7,trimethoprim-resistant dihydrofolate reductase DfrA7,AMR,TRIMETHOPRIM,TRIMETHOPRIM,103,trimethoprim/sulfamethoxazole,,
blaCTX-M-55,extended-spectrum class A beta-lactamase CTX-M-55,AMR,BETA-LACTAM,CEPHALOSPORIN,101,ampicillin; cefotaxime,,
blaOXA-48,OXA-48 family carbapenem-hydrolyzing class D beta-lactamase OXA-48,AMR,BETA-LACTAM,CARBAPENEM,97,ampicillin; cefotaxime,,
rmtB1,16S rRNA (guanine(1405)-N(7))-methyltransferase RmtB1,AMR,AMINOGLYCOSIDE,AMINOGLYCOSIDE,96,,,
cirA_Q56Ter,Escherichia cefiderocol resistant CirA,POINT_DISRUPT,BETA-LACTAM,CEFIDEROCOL,95,ampicillin,,
blaCTX-M-14,extended-spectrum class A beta-lactamase CTX-M-14,AMR,BETA-LACTAM,CEPHALOSPORIN,95,ampicillin; cefotaxime,,
blaTEM,TEM family class A beta-lactamase,AMR,BETA-LACTAM,BETA-LACTAM,92,ampicillin,,
erm(B),23S rRNA (adenine(2058)-N(6))-methyltransferase Erm(B),AMR,LINCOSAMIDE/MACROLIDE/STREPTOGRAMIN,CLINDAMYCIN/ERYTHROMYCIN/STREPTOGRAMIN B,87,,,
ftsI_N337NYRIN,Escherichia aztreonam/cefiderocol/cephalosporin resistant FtsI,POINT,BETA-LACTAM,AZTREONAM/CEFIDEROCOL/CEPHALOSPORIN,84,ampicillin; cefotaxime,,
blaCTX-M-27,extended-spectrum class A beta-lactamase CTX-M-27,AMR,BETA-LACTAM,CEPHALOSPORIN,83,ampicillin; cefotaxime,,
tet(D),tetracycline efflux MFS transporter Tet(D),AMR,TETRACYCLINE,TETRACYCLINE,83,,,
parE_D475E,Escherichia quinolone resistant ParE,POINT,QUINOLONE,QUINOLONE,78,ciprofloxacin,,
blaNDM-5,subclass B1 metallo-beta-lactamase NDM-5,AMR,BETA-LACTAM,CARBAPENEM,78,ampicillin; cefotaxime,,
blaSHV-1,broad-spectrum class A beta-lactamase SHV-1,AMR,BETA-LACTAM,BETA-LACTAM,77,ampicillin,,
mcr-1.1,phosphoethanolamine--lipid A transferase MCR-1.1,AMR,COLISTIN,COLISTIN,73,,,
estX-3,macrolide esterase EstX-3,AMR,MACROLIDE,TYLOSIN,69,,,
tet(M),tetracycline resistance ribosomal protection protein Tet(M),AMR,TETRACYCLINE,TETRACYCLINE,59,,,
dfrA8,trimethoprim-resistant dihydrofolate reductase DfrA8,AMR,TRIMETHOPRIM,TRIMETHOPRIM,59,trimethoprim/sulfamethoxazole,,
aac(3)-VIa,aminoglycoside N-acetyltransferase AAC(3)-VIa,AMR,AMINOGLYCOSIDE,GENTAMICIN,51,gentamicin,,
ant(2'')-Ia,aminoglycoside nucleotidyltransferase ANT(2'')-Ia,AMR,AMINOGLYCOSIDE,GENTAMICIN/KANAMYCIN/TOBRAMYCIN,50,gentamicin,,
parC_E84G,Escherichia quinolone resistant ParC,POINT,QUINOLONE,QUINOLONE,48,ciprofloxacin,,
blaCMY-42,extended-spectrum class C beta-lactamase CMY-42,AMR,BETA-LACTAM,CEPHALOSPORIN,46,ampicillin; cefotaxime,,
catA2,type A-2 chloramphenicol O-acetyltransferase CatII,AMR,PHENICOL,CHLORAMPHENICOL,40,,,
mph(B),Mph(B) family macrolide 2'-phosphotransferase,AMR,MACROLIDE,ERYTHROMYCIN/SPIRAMYCIN/TELITHROMYCIN,40,,,
acrR_V29YfsTer44,Escherichia ampicillin/chloramphenicol/fluoroquinolone/rifampin/tetracycline resistant AcrR,POINT_DISRUPT,MULTIDRUG,AMPICILLIN/CHLORAMPHENICOL/FLUOROQUINOLONE/RIFAMPIN/TETRACYCLINE,39,ampicillin; ciprofloxacin,,
rdmCL,spiramycin modification protein RdmCL,AMR,MACROLIDE,TYLOSIN,39,,,
aadA25,ANT(3'')-Ia family aminoglycoside nucleotidyltransferase AadA25,AMR,AMINOGLYCOSIDE,STREPTOMYCIN,38,,,
ompF_Y253EfsTer3,Escherichia carbapenem resistant OmpF,POINT_DISRUPT,BETA-LACTAM,CARBAPENEM,37,ampicillin; cefotaxime,,
nfsA_G126R,Escherichia nitrofurantoin resistant NfsA,POINT,NITROFURAN,NITROFURANTOIN,36,,,
dfrA36,trimethoprim-resistant dihydrofolate reductase DfrA36,AMR,TRIMETHOPRIM,TRIMETHOPRIM,36,trimethoprim/sulfamethoxazole,,
blaTEMp_G162T,Escherichia amoxicillin-clavulanic acid/piperacillin-tazobactam/ticarcillin-clavulanic acid resistant blaTEM promoter,POINT,BETA-LACTAM,AMOXICILLIN-CLAVULANIC_ACID/PIPERACILLIN-TAZOBACTAM/TICARCILLIN-CLAVULANIC_ACID,34,ampicillin,,
cirA_V239RfsTer47,Escherichia cefiderocol resistant CirA,POINT_DISRUPT,BETA-LACTAM,CEFIDEROCOL,34,ampicillin,,
ftsI_I336IKYRI,Escherichia aztreonam/cefiderocol/cephalosporin resistant FtsI,POINT,BETA-LACTAM,AZTREONAM/CEFIDEROCOL/CEPHALOSPORIN,32,ampicillin; cefotaxime,,
ampC_T-32A,Escherichia cephalosporin resistant ampC promoter,POINT,BETA-LACTAM,CEPHALOSPORIN,32,ampicillin; cefotaxime,,
gyrA_D87Y,Escherichia quinolone resistant GyrA,POINT,QUINOLONE,QUINOLONE,29,ciprofloxacin,,
cirA_S90YfsTer15,Escherichia cefiderocol resistant CirA,POINT,BETA-LACTAM,CEFIDEROCOL,29,ampicillin,,
arr,NAD(+)--rifampin ADP-ribosyltransferase,AMR,RIFAMYCIN,RIFAMYCIN,29,,,
cirA_W243Ter,Escherichia cefiderocol resistant CirA,POINT_DISRUPT,BETA-LACTAM,CEFIDEROCOL,26,ampicillin,,
cirA_E450AfsTer30,Escherichia cefiderocol resistant CirA,POINT_DISRUPT,BETA-LACTAM,CEFIDEROCOL,26,ampicillin,,
blaSHV-12,extended-spectrum class A beta-lactamase SHV-12,AMR,BETA-LACTAM,CEFIDEROCOL/CEPHALOSPORIN,25,ampicillin; cefotaxime,,
acrR_E67Ter,Escherichia ampicillin/chloramphenicol/fluoroquinolone/rifampin/tetracycline resistant AcrR,POINT_DISRUPT,MULTIDRUG,AMPICILLIN/CHLORAMPHENICOL/FLUOROQUINOLONE/RIFAMPIN/TETRACYCLINE,25,ampicillin; ciprofloxacin,,
parC_A56T,Escherichia quinolone resistant ParC,POINT,QUINOLONE,QUINOLONE,25,ciprofloxacin,,
lnu(F),lincosamide nucleotidyltransferase Lnu(F),AMR,LINCOSAMIDE,LINCOSAMIDE,24,,,
arr-2,NAD(+)--rifampin ADP-ribosyltransferase Arr-2,AMR,RIFAMYCIN,RIFAMYCIN,23,,,
parE_L445H,Escherichia quinolone resistant ParE,POINT,QUINOLONE,QUINOLONE,23,ciprofloxacin,,
nfsA_W159Ter,Escherichia nitrofurantoin resistant NfsA,POINT,NITROFURAN,NITROFURANTOIN,23,,,
gyrA_D87G,Escherichia quinolone/triclosan resistant GyrA,POINT,QUINOLONE/TRICLOSAN,QUINOLONE/TRICLOSAN,22,ciprofloxacin,,
parC_S80R,Escherichia quinolone resistant ParC,POINT,QUINOLONE,QUINOLONE,22,ciprofloxacin,,
ampC_C-42T,Escherichia cephalosporin resistant ampC promoter,POINT,BETA-LACTAM,CEPHALOSPORIN,22,ampicillin; cefotaxime,,
cmlA5,chloramphenicol efflux MFS transporter CmlA5,AMR,PHENICOL,CHLORAMPHENICOL,21,,,
armA,16S rRNA (guanine(1405)-N(7))-methyltransferase ArmA,AMR,AMINOGLYCOSIDE,GENTAMICIN,21,gentamicin,,
blaCTX-M-1,extended-spectrum class A beta-lactamase CTX-M-1,AMR,BETA-LACTAM,CEPHALOSPORIN,21,ampicillin; cefotaxime,,
nfsA_V127YfsTer12,Escherichia nitrofurantoin resistant NfsA,POINT_DISRUPT,NITROFURAN,NITROFURANTOIN,20,,,
aac(6')-Ib3,aminoglycoside N-acetyltransferase AAC(6')-Ib3,AMR,AMINOGLYCOSIDE,AMIKACIN/KANAMYCIN/TOBRAMYCIN,20,,,
blaCTX-M,CTX-M family extended-spectrum class A beta-lactamase,AMR,BETA-LACTAM,CEPHALOSPORIN,20,ampicillin; cefotaxime,,
mph(E),Mph(E) family macrolide 2'-phosphotransferase,AMR,MACROLIDE,ERYTHROMYCIN,20,,,
msr(E),ABC-F type ribosomal protection protein Msr(E),AMR,MACROLIDE/STREPTOGRAMIN,AZITHROMYCIN/ERYTHROMYCIN/STREPTOGRAMIN,20,,,
mef(B),macrolide efflux MFS transporter Mef(B),AMR,MACROLIDE,AZITHROMYCIN/ERYTHROMYCIN,19,,,
blaNDM-1,subclass B1 metallo-beta-lactamase NDM-1,AMR,BETA-LACTAM,CARBAPENEM,19,ampicillin; cefotaxime,,
fosA7.5,fosfomycin resistance glutathione transferase FosA7.5,AMR,FOSFOMYCIN,FOSFOMYCIN,19,,,
blaOXA-181,OXA-48 family carbapenem-hydrolyzing class D beta-lactamase OXA-181,AMR,BETA-LACTAM,CARBAPENEM,18,ampicillin; cefotaxime,,
cirA_Q598Ter,Escherichia cefiderocol resistant CirA,POINT_DISRUPT,BETA-LACTAM,CEFIDEROCOL,18,ampicillin,,
cmlA6,chloramphenicol efflux MFS transporter CmlA6,AMR,PHENICOL,CHLORAMPHENICOL,17,,,
nfsA_Q195Ter,Escherichia nitrofurantoin resistant NfsA,POINT_DISRUPT,NITROFURAN,NITROFURANTOIN,17,,,
acrR_T5N,Escherichia ampicillin/chloramphenicol/fluoroquinolone/rifampin/tetracycline resistant AcrR,POINT,MULTIDRUG,AMPICILLIN/CHLORAMPHENICOL/FLUOROQUINOLONE/RIFAMPIN/TETRACYCLINE,17,ampicillin; ciprofloxacin,,
aph(3')-IIa,aminoglycoside O-phosphotransferase APH(3')-IIa,AMR,AMINOGLYCOSIDE,KANAMYCIN,17,,,
aph(4)-Ia,aminoglycoside O-phosphotransferase APH(4)-Ia,AMR,AMINOGLYCOSIDE,HYGROMYCIN,16,,,
gyrA_S83A,Escherichia quinolone resistant GyrA,POINT,QUINOLONE,QUINOLONE,16,ciprofloxacin,,
aac(3)-IVa,aminoglycoside N-acetyltransferase AAC(3)-IVa,AMR,AMINOGLYCOSIDE,APRAMYCIN/GENTAMICIN/TOBRAMYCIN,16,gentamicin,,
bleO,bleomycin binding protein,AMR,BLEOMYCIN,BLEOMYCIN,16,,,
soxS_A12S,Escherichia ampicillin/chloramphenicol/quinolone/rifampin/tetracycline resistant SoxS,POINT,MULTIDRUG,AMPICILLIN/CHLORAMPHENICOL/QUINOLONE/RIFAMPIN/TETRACYCLINE,16,ampicillin; ciprofloxacin,,
blaTEM-30,inhibitor-resistant broad-spectrum class A beta-lactamase TEM-30,AMR,BETA-LACTAM,BETA-LACTAM,16,ampicillin,,
aac(6')-Ib,AAC(6')-Ib family aminoglycoside 6'-N-acetyltransferase,AMR,AMINOGLYCOSIDE,GENTAMICIN,15,gentamicin,,
qnrA1,quinolone resistance pentapeptide repeat protein QnrA1,AMR,QUINOLONE,QUINOLONE,15,ciprofloxacin,,
nfsA_Q113Ter,Escherichia nitrofurantoin resistant NfsA,POINT,NITROFURAN,NITROFURANTOIN,15,,,
blaKPC-2,carbapenem-hydrolyzing class A beta-lactamase KPC-2,AMR,BETA-LACTAM,CARBAPENEM,14,ampicillin; cefotaxime,,
ere(A),EreA family erythromycin esterase,AMR,MACROLIDE,ERYTHROMYCIN,14,,,
acrR_L109YfsTer28,Escherichia ampicillin/chloramphenicol/fluoroquinolone/rifampin/tetracycline resistant AcrR,POINT_DISRUPT,MULTIDRUG,AMPICILLIN/CHLORAMPHENICOL/FLUOROQUINOLONE/RIFAMPIN/TETRACYCLINE,14,ampicillin; ciprofloxacin,,
nfsA_W212Ter,Escherichia nitrofurantoin resistant NfsA,POINT_DISRUPT,NITROFURAN,NITROFURANTOIN,13,,,
nfsA_L43FfsTer4,Escherichia nitrofurantoin resistant NfsA,POINT_DISRUPT,NITROFURAN,NITROFURANTOIN,13,,,
estX,macrolide esterase EstX,AMR,MACROLIDE,TYLOSIN,13,,,
blaKPC-3,carbapenem-hydrolyzing class A beta-lactamase KPC-3,AMR,BETA-LACTAM,CARBAPENEM,13,ampicillin; cefotaxime,,
nfsB_F167LfsTer11,Escherichia nitrofurantoin resistant NfsB,POINT_DISRUPT,NITROFURAN,NITROFURANTOIN,13,,,
blaOXA,OXA-1 family class D beta-lactamase,AMR,BETA-LACTAM,BETA-LACTAM,12,ampicillin,,
acrR_E190RfsTer20,Escherichia ampicillin/chloramphenicol/fluoroquinolone/rifampin/tetracycline resistant AcrR,POINT_DISRUPT,MULTIDRUG,AMPICILLIN/CHLORAMPHENICOL/FLUOROQUINOLONE/RIFAMPIN/TETRACYCLINE,12,ampicillin; ciprofloxacin,,
parE_S458T,Escherichia quinolone resistant ParE,POINT,QUINOLONE,QUINOLONE,12,ciprofloxacin,,
cirA_D121GfsTer13,Escherichia cefiderocol resistant CirA,POINT_DISRUPT,BETA-LACTAM,CEFIDEROCOL,12,ampicillin,,
cirA_D258RfsTer5,Escherichia cefiderocol resistant CirA,POINT_DISRUPT,BETA-LACTAM,CEFIDEROCOL,11,ampicillin,,
nfsA_G154E,Escherichia nitrofurantoin resistant NfsA,POINT,NITROFURAN,NITROFURANTOIN,11,,,
ompF_D34RfsTer1,Escherichia carbapenem resistant OmpF,POINT_DISRUPT,BETA-LACTAM,CARBAPENEM,11,ampicillin; cefotaxime,,
parE_E460D,Escherichia quinolone resistant ParE,POINT,QUINOLONE,QUINOLONE,11,ciprofloxacin,,
nfsA_Q67Ter,Escherichia nitrofurantoin resistant NfsA,POINT,NITROFURAN,NITROFURANTOIN,11,,,
blaSFO-1,extended-spectrum class A beta-lactamase SFO-1,AMR,BETA-LACTAM,CEPHALOSPORIN,10,ampicillin; cefotaxime,,
ampC_C-11T,Escherichia cephalosporin resistant ampC promoter,POINT,BETA-LACTAM,CEPHALOSPORIN,10,ampicillin; cefotaxime,,
cirA_Y390Ter,Escherichia cefiderocol resistant CirA,POINT_DISRUPT,BETA-LACTAM,CEFIDEROCOL,10,ampicillin,,
blaTEM-40,inhibitor-resistant broad-spectrum class A beta-lactamase TEM-40,AMR,BETA-LACTAM,BETA-LACTAM,10,ampicillin,,
mcr-9.2,phosphoethanolamine--lipid A transferase MCR-9.2,AMR,COLISTIN,COLISTIN,10,,,
blaCMY-145,class C beta-lactamase CMY-145,AMR,BETA-LACTAM,CEPHALOSPORIN,10,ampicillin; cefotaxime,,
parC_A108V,Escherichia quinolone resistant ParC,POINT,QUINOLONE,QUINOLONE,10,ciprofloxacin,,
parC_E84K,Escherichia quinolone resistant ParC,POINT,QUINOLONE,QUINOLONE,10,ciprofloxacin,,
aac(6')-Ib4,aminoglycoside N-acetyltransferase AAC(6')-Ib4,AMR,AMINOGLYCOSIDE,GENTAMICIN,10,gentamicin,,
blaOXA-9,oxacillin-hydrolyzing class D beta-lactamase OXA-9,AMR,BETA-LACTAM,BETA-LACTAM,9,ampicillin,,
blaCMY,CMY-2 family class C beta-lactamase,AMR,BETA-LACTAM,CEPHALOSPORIN,9,ampicillin; cefotaxime,,
blaCARB-2,PSE family carbenicillin-hydrolyzing class A beta-lactamase CARB-2,AMR,BETA-LACTAM,BETA-LACTAM,9,ampicillin,,
nfsA_L43CfsTer18,Escherichia nitrofurantoin resistant NfsA,POINT_DISRUPT,NITROFURAN,NITROFURANTOIN,9,,,
nfsA_I228NfsTer49,Escherichia nitrofurantoin resistant NfsA,POINT_DISRUPT,NITROFURAN,NITROFURANTOIN,9,,,
nfsA_H11Y,Escherichia nitrofurantoin resistant NfsA,POINT,NITROFURAN,NITROFURANTOIN,9,,,
dfrA15,trimethoprim-resistant dihydrofolate reductase DfrA15,AMR,TRIMETHOPRIM,TRIMETHOPRIM,9,trimethoprim/sulfamethoxazole,,
nfsB_K119IfsTer11,Escherichia nitrofurantoin resistant NfsB,POINT_DISRUPT,NITROFURAN,NITROFURANTOIN,9,,,
ompC_R195L,Escherichia carbapenem resistant OmpC,POINT,BETA-LACTAM,CARBAPENEM,9,ampicillin; cefotaxime,,
acrR_K80NfsTer9,Escherichia ampicillin/chloramphenicol/fluoroquinolone/rifampin/tetracycline resistant AcrR,POINT_DISRUPT,MULTIDRUG,AMPICILLIN/CHLORAMPHENICOL/FLUOROQUINOLONE/RIFAMPIN/TETRACYCLINE,9,ampicillin; ciprofloxacin,,
aadA22,ANT(3'')-Ia family aminoglycoside nucleotidyltransferase AadA22,AMR,AMINOGLYCOSIDE,STREPTOMYCIN,8,,,
nfsA_R203C,Escherichia nitrofurantoin resistant NfsA,POINT,NITROFURAN,NITROFURANTOIN,8,,,
cirA_I160SfsTer34,Escherichia cefiderocol resistant CirA,POINT_DISRUPT,BETA-LACTAM,CEFIDEROCOL,8,ampicillin,,
soxR_G121D,Escherichia ampicillin/chloramphenicol/quinolone/rifampin/tetracycline resistant SoxR,POINT,MULTIDRUG,AMPICILLIN/CHLORAMPHENICOL/QUINOLONE/RIFAMPIN/TETRACYCLINE,8,ampicillin; ciprofloxacin,,
blaCTX-M-24,extended-spectrum class A beta-lactamase CTX-M-24,AMR,BETA-LACTAM,CEPHALOSPORIN,8,ampicillin; cefotaxime,,
nfsA_Q191Ter,Escherichia nitrofurantoin resistant NfsA,POINT_DISRUPT,NITROFURAN,NITROFURANTOIN,8,,,
blaCMY-6,extended-spectrum class C beta-lactamase CMY-6,AMR,BETA-LACTAM,CEPHALOSPORIN,8,ampicillin; cefotaxime,,
estX/sat2,bifunctional putative esterase EstX/streptothricin N-acetyltransferase Sat1,AMR,MACROLIDE/STREPTOTHRICIN,STREPTOTHRICIN/TYLOSIN,8,,,
blaNDM-4,subclass B1 metallo-beta-lactamase NDM-4,AMR,BETA-LACTAM,CARBAPENEM,8,ampicillin; cefotaxime,,
blaOXA-2,oxacillin-hydrolyzing class D beta-lactamase OXA-2,AMR,BETA-LACTAM,BETA-LACTAM,8,ampicillin,,
mcr-1.2,phosphoethanolamine--lipid A transferase MCR-1.2,AMR,COLISTIN,COLISTIN,8,,,
ant(9)-Ia,aminoglycoside nucleotidyltransferase ANT(9)-Ia,AMR,AMINOGLYCOSIDE,SPECTINOMYCIN,8,,,
oqxA,multidrug efflux RND transporter periplasmic adaptor subunit OqxA,AMR,NITROFURAN/PHENICOL/QUINOLONE/TETRACYCLINE,NITROFURANTOIN/PHENICOL/QUINOLONE/TIGECYCLINE,7,ciprofloxacin,,
acrR_P182RfsTer62,Escherichia ampicillin/chloramphenicol/fluoroquinolone/rifampin/tetracycline resistant AcrR,POINT_DISRUPT,MULTIDRUG,AMPICILLIN/CHLORAMPHENICOL/FLUOROQUINOLONE/RIFAMPIN/TETRACYCLINE,7,ampicillin; ciprofloxacin,,
rmtC,RmtC family 16S rRNA (guanine(1405)-N(7))-methyltransferase,AMR,AMINOGLYCOSIDE,AMINOGLYCOSIDE,7,,,
qnrB1,quinolone resistance pentapeptide repeat protein QnrB1,AMR,QUINOLONE,QUINOLONE,7,ciprofloxacin,,
qepA1,fluoroquinolone efflux MFS transporter QepA1,AMR,QUINOLONE,QUINOLONE,7,ciprofloxacin,,
blaLAP-2,class A beta-lactamase LAP-2,AMR,BETA-LACTAM,BETA-LACTAM,7,ampicillin,,
blaTEM-12,extended-spectrum class A beta-lactamase TEM-12,AMR,BETA-LACTAM,CEPHALOSPORIN,7,ampicillin; cefotaxime,,
ompC_Q82Ter,Escherichia carbapenem resistant OmpC,POINT,BETA-LACTAM,CARBAPENEM,7,ampicillin; cefotaxime,,
ompC_Q104Ter,Escherichia carbapenem resistant OmpC,POINT_DISRUPT,BETA-LACTAM,CARBAPENEM,7,ampicillin; cefotaxime,,
nfsB_Q26Ter,Escherichia nitrofurantoin resistant NfsB,POINT_DISRUPT,NITROFURAN,NITROFURANTOIN,7,,,
nfsA_G131D,Escherichia nitrofurantoin resistant NfsA,POINT,NITROFURAN,NITROFURANTOIN,7,,,
blaTEM-135,broad-spectrum class A beta-lactamase TEM-135,AMR,BETA-LACTAM,BETA-LACTAM,7,ampicillin,,
nfsA_W77Ter,Escherichia nitrofurantoin resistant NfsA,POINT_DISRUPT,NITROFURAN,NITROFURANTOIN,7,,,
dfrA19,trimethoprim-resistant dihydrofolate reductase DfrA19,AMR,TRIMETHOPRIM,TRIMETHOPRIM,6,trimethoprim/sulfamethoxazole,,
tet(C),tetracycline efflux MFS transporter Tet(C),AMR,TETRACYCLINE,TETRACYCLINE,6,,,
dfrA29,trimethoprim-resistant dihydrofolate reductase DfrA29,AMR,TRIMETHOPRIM,TRIMETHOPRIM,6,trimethoprim/sulfamethoxazole,,
fosA,FosA3/FosA4 family fosfomycin resistance glutathione transferase,AMR,FOSFOMYCIN,FOSFOMYCIN,6,,,
parE_E460K,Escherichia quinolone resistant ParE,POINT,QUINOLONE,QUINOLONE,6,ciprofloxacin,,
acrR_R45C,Escherichia ampicillin/chloramphenicol/fluoroquinolone/rifampin/tetracycline resistant AcrR,POINT,MULTIDRUG,AMPICILLIN/CHLORAMPHENICOL/FLUOROQUINOLONE/RIFAMPIN/TETRACYCLINE,6,ampicillin; ciprofloxacin,,
ompF_P12SfsTer11,Escherichia carbapenem resistant OmpF,POINT_DISRUPT,BETA-LACTAM,CARBAPENEM,6,ampicillin; cefotaxime,,
ompF_N57KfsTer11,Escherichia carbapenem resistant OmpF,POINT_DISRUPT,BETA-LACTAM,CARBAPENEM,6,ampicillin; cefotaxime,,
acrR_T207RfsTer37,Escherichia ampicillin/chloramphenicol/fluoroquinolone/rifampin/tetracycline resistant AcrR,POINT_DISRUPT,MULTIDRUG,AMPICILLIN/CHLORAMPHENICOL/FLUOROQUINOLONE/RIFAMPIN/TETRACYCLINE,6,ampicillin; ciprofloxacin,,
nfsA_Q26Ter,Escherichia nitrofurantoin resistant NfsA,POINT_DISRUPT,NITROFURAN,NITROFURANTOIN,6,,,
nfsA_Q44Ter,Escherichia nitrofurantoin resistant NfsA,POINT,NITROFURAN,NITROFURANTOIN,6,,,
qnrB19,quinolone resistance pentapeptide repeat protein QnrB19,AMR,QUINOLONE,QUINOLONE,5,ciprofloxacin,,
qnrB4,quinolone resistance pentapeptide repeat protein QnrB4,AMR,QUINOLONE,QUINOLONE,5,ciprofloxacin,,
qepA4,fluoroquinolone efflux MFS transporter QepA4,AMR,QUINOLONE,QUINOLONE,5,ciprofloxacin,,
dfrA16,trimethoprim-resistant dihydrofolate reductase DfrA16,AMR,TRIMETHOPRIM,TRIMETHOPRIM,5,trimethoprim/sulfamethoxazole,,
oqxB,multidrug efflux RND transporter permease subunit OqxB,AMR,NITROFURAN/PHENICOL/QUINOLONE/TETRACYCLINE,NITROFURANTOIN/PHENICOL/QUINOLONE/TIGECYCLINE,5,ciprofloxacin,,
ompF_Q88Ter,Escherichia carbapenem resistant OmpF,POINT,BETA-LACTAM,CARBAPENEM,5,ampicillin; cefotaxime,,
aac(6')-Ib',aminoglycoside N-acetyltransferase AAC(6')-Ib',AMR,AMINOGLYCOSIDE,GENTAMICIN,5,gentamicin,,
acrR_Q10Ter,Escherichia ampicillin/chloramphenicol/fluoroquinolone/rifampin/tetracycline resistant AcrR,POINT_DISRUPT,MULTIDRUG,AMPICILLIN/CHLORAMPHENICOL/FLUOROQUINOLONE/RIFAMPIN/TETRACYCLINE,5,ampicillin; ciprofloxacin,,
aph(6)-Ic,aminoglycoside O-phosphotransferase APH(6)-Ic,AMR,AMINOGLYCOSIDE,STREPTOMYCIN,5,,,
arr-3,NAD(+)--rifampin ADP-ribosyltransferase Arr-3,AMR,RIFAMYCIN,RIFAMYCIN,5,,,
blaCMY-4,extended-spectrum class C beta-lactamase CMY-4,AMR,BETA-LACTAM,CEPHALOSPORIN,5,ampicillin; cefotaxime,,
blaDHA-1,extended-spectrum class C beta-lactamase DHA-1,AMR,BETA-LACTAM,CEPHALOSPORIN,5,ampicillin; cefotaxime,,
blaOXA-244,OXA-48 family carbapenem-hydrolyzing class D beta-lactamase OXA-244,AMR,BETA-LACTAM,CARBAPENEM,5,ampicillin; cefotaxime,,
blaSHV,SHV family class A beta-lactamase,AMR,BETA-LACTAM,BETA-LACTAM,5,ampicillin,,
blaTEM-176,class A beta-lactamase TEM-176,AMR,BETA-LACTAM,BETA-LACTAM,5,ampicillin,,
blaTEM-190,class A beta-lactamase TEM-190,AMR,BETA-LACTAM,BETA-LACTAM,5,ampicillin,,
blaTEM-35,inhibitor-resistant broad-spectrum class A beta-lactamase TEM-35,AMR,BETA-LACTAM,BETA-LACTAM,5,ampicillin,,
blaTEM-52,extended-spectrum class A beta-lactamase TEM-52,AMR,BETA-LACTAM,CEPHALOSPORIN,5,ampicillin; cefotaxime,,
cirA_D46MfsTer21,Escherichia cefiderocol resistant CirA,POINT_DISRUPT,BETA-LACTAM,CEFIDEROCOL,5,ampicillin,,
cirA_G88AfsTer1,Escherichia cefiderocol resistant CirA,POINT_DISRUPT,BETA-LACTAM,CEFIDEROCOL,5,ampicillin,,
cirA_I229YfsTer1,Escherichia cefiderocol resistant CirA,POINT_DISRUPT,BETA-LACTAM,CEFIDEROCOL,5,ampicillin,,
cirA_R61Ter,Escherichia cefiderocol resistant CirA,POINT_DISRUPT,BETA-LACTAM,CEFIDEROCOL,5,ampicillin,,
cirA_T190PfsTer4,Escherichia cefiderocol resistant CirA,POINT_DISRUPT,BETA-LACTAM,CEFIDEROCOL,5,ampicillin,,
gyrA_G81D,Escherichia quinolone resistant GyrA,POINT,QUINOLONE,QUINOLONE,5,ciprofloxacin,,
gyrA_S83V,Escherichia quinolone resistant GyrA,POINT,QUINOLONE,QUINOLONE,5,ciprofloxacin,,
mcr-3.2,phosphoethanolamine--lipid A transferase MCR-3.2,AMR,COLISTIN,COLISTIN,5,,,
mcr-9.1,phosphoethanolamine--lipid A transferase MCR-9.1,AMR,COLISTIN,COLISTIN,5,,,
nfsA_Q72Ter,Escherichia nitrofurantoin resistant NfsA,POINT_DISRUPT,NITROFURAN,NITROFURANTOIN,5,,,
nfsA_R15C,Escherichia nitrofurantoin resistant NfsA,POINT,NITROFURAN,NITROFURANTOIN,5,,,
uhpT_Q459Ter,Escherichia fosfomycin resistant UhpT,POINT_DISRUPT,FOSFOMYCIN,FOSFOMYCIN,5,,,
